{
    "id": "fvtt_mosh_1e_psg",
    "title": "Mothership 1e Compendium - PSG",
    "description": "A compendium covering everything in the Player's Survival Guide",
    "version": "0.0.3",
    "compatibility": {
      "minimum": "10",
      "verified": "11.300"
    },
    "packs": [
      {
        "label": "Skills",
        "type": "Item",
        "name": "items_skills",
        "path": "packs/items_skills.db"
      },
      {
        "label": "Armors",
        "type": "Item",
        "name": "items_armors",
        "path": "packs/items_armors.db"
      }
    ],
    "relationships": {
      "systems": [
        {
          "id": "mosh",
          "type": "system",
          "manifest": "https://raw.githubusercontent.com/Futil/foundry-mothership/master/system.json",
          "compatibility": { "verified": "0.3.7" }
        }
      ]
    },
    "url": "https://github.com/hollowphoton/fvtt_mosh_1e_psg",
    "download": "https://github.com/hollowphoton/fvtt_mosh_1e_psg/releases/download/0.0.3/fvtt_mosh_1e_psg.zip",
    "manifest": "https://github.com/hollowphoton/fvtt_mosh_1e_psg/releases/download/0.0.3/module.json"
  }
  